dist,area
1473.113157874741,94701.0
1528.113157874741,97053.0
1571.113157874741,100150.0
